time,value,label
0,0.61235616,0
1,0.6977862,0
2,0.7163807,0
3,0.75359296,0
4,0.80574469,0
5,0.8131999,0
6,0.84676479,0
7,0.83930376,0
8,0.85049588,0
9,0.87288887,0
10,0.85795881,0
11,0.8878236,0
12,0.85795881,0
13,0.87288887,0
14,0.89902828,0
15,0.88035561,0
16,0.87662186,0
17,0.90276344,0
18,0.91023578,0
19,0.89529333,0
20,0.90276344,0
21,0.92892171,0
22,0.92892171,0
23,0.94387573,0
24,0.92518334,0
25,0.94387573,0
26,0.95883482,0
27,0.94013693,0
28,0.95135508,0
29,0.95509481,0
30,0.9887694,0
31,0.97379999,0
32,0.96631678,0
33,0.9887694,0
34,0.96257607,0
35,0.95883482,0
36,0.95135508,0
37,0.95135508,0
38,0.95509481,0
39,0.95883482,0
40,0.95135508,0
41,0.94387573,0
42,0.96631678,0
43,0.96631678,0
44,0.95883482,0
45,0.95135508,0
46,0.94761476,0
47,0.95509481,0
48,0.96257607,0
49,0.94761476,0
50,0.95509481,0
51,0.95883482,0
52,0.94761476,0
53,0.92892171,0
54,0.92144622,0
55,0.92144622,0
56,0.94387573,0
57,0.91770937,0
58,0.91397192,0
59,0.91770937,0
60,0.91023578,0
61,0.93265953,0
62,0.90276344,0
63,0.91397192,0
64,0.92144622,0
65,0.89529333,0
66,0.8878236,0
67,0.90649991,0
68,0.88035561,0
69,0.87288887,0
70,0.865423,0
71,0.64576515,0
72,0.37922041,0
73,0.1840766,0
74,0.022754425,0
75,-0.1160692,0
76,-0.25806486,0
77,-0.35970999,0
78,-0.46110288,0
79,-0.55142035,0
80,-0.62713179,0
81,-0.68831862,0
82,-0.74223,0
83,-0.79965585,0
84,-0.84625389,0
85,-0.86416191,0
86,-0.8999536,0
87,-0.92856404,0
88,-0.964298,0
89,-0.9678696,0
90,-0.6991067,0
91,-0.38508144,0
92,-0.12336314,0
93,0.03373394,0
94,0.2723324,0
95,0.34970756,0
96,0.44570075,0
97,0.54191116,0
98,0.64576515,0
99,0.70150457,0
100,0.73498286,0
101,0.76848714,0
102,0.79456409,0
103,0.8355736,0
104,0.82438528,0
105,0.86169093,0
106,0.85049588,0
107,0.86169093,0
108,0.8878236,0
109,0.89529333,0
110,0.89155784,0
111,0.88408963,0
112,0.89155784,0
113,0.91023578,0
114,0.90649991,0
115,0.91023578,0
116,0.91770937,0
117,0.94013693,0
118,0.92518334,0
119,0.94013693,0
120,0.92892171,0
121,0.95509481,0
122,0.95883482,0
123,0.93265953,0
124,0.94013693,0
125,0.94387573,0
126,0.97379999,0
127,0.95509481,0
128,0.97754162,0
129,0.96257607,0
130,0.96631678,0
131,0.9700577,0
132,0.96257607,0
133,0.96631678,0
134,0.96257607,0
135,0.98128352,0
136,0.95509481,0
137,0.94761476,0
138,0.9700577,0
139,0.94387573,0
140,0.94761476,0
141,0.94387573,0
142,0.94387573,0
143,0.95135508,0
144,0.9700577,0
145,0.94761476,0
146,0.94761476,0
147,0.95135508,0
148,0.94387573,0
149,0.94761476,0
150,0.96257607,0
151,0.93639758,0
152,0.95509481,0
153,0.94013693,0
154,0.92892171,0
155,0.92518334,0
156,0.92144622,0
157,0.91770937,0
158,0.93265953,0
159,0.91397192,0
160,0.91397192,0
161,0.91023578,0
162,0.90276344,0
163,0.89155784,0
164,0.89155784,0
165,0.88408963,0
166,0.88035561,0
167,0.89155784,0
168,0.87662186,0
169,0.80947192,0
170,0.48267974,0
171,0.30179139,0
172,0.099671616,0
173,-0.054021331,0
174,-0.17802497,0
175,-0.30891859,0
176,-0.39232814,0
177,-0.50086749,0
178,-0.57306668,0
179,-0.6559372,0
180,-0.7170806,0
181,-0.77095334,0
182,-0.8211694,0
183,-0.86058107,0
184,-0.87490281,0
185,-0.9178376,0
186,-0.94286143,0
187,-0.97144099,0
188,-0.82475383,0
189,-0.51531735,0
190,-0.23625113,0
191,0.00080406717,0
192,0.20612318,0
193,0.27969478,0
194,0.41983479,0
195,0.50488218,0
196,0.61235616,0
197,0.67176801,0
198,0.71266114,0
199,0.74987058,0
200,0.76476296,0
201,0.81692817,0
202,0.82438528,0
203,0.82811452,0
204,0.84676479,0
205,0.85422697,0
206,0.86169093,0
207,0.86915577,0
208,0.87288887,0
209,0.88035561,0
210,0.89155784,0
211,0.8878236,0
212,0.89529333,0
213,0.89902828,0
214,0.91397192,0
215,0.91023578,0
216,0.92144622,0
217,0.95135508,0
218,0.92892171,0
219,0.95509481,0
220,0.96631678,0
221,0.94761476,0
222,0.97379999,0
223,0.95135508,0
224,0.95509481,0
225,0.95883482,0
226,0.96257607,0
227,0.96631678,0
228,0.98128352,0
229,0.96631678,0
230,0.96631678,0
231,0.9700577,0
232,0.96257607,0
233,0.95883482,0
234,0.96257607,0
235,0.94761476,0
236,0.94761476,0
237,0.95509481,0
238,0.96631678,0
239,0.95135508,0
240,0.94013693,0
241,0.96631678,0
242,0.96631678,0
243,0.96257607,0
244,0.9700577,0
245,0.94387573,0
246,0.95509481,0
247,0.94387573,0
248,0.94387573,0
249,0.96631678,0
250,0.94013693,0
251,0.96257607,0
252,0.92518334,0
253,0.92892171,0
254,0.92518334,0
255,0.91397192,0
256,0.91770937,0
257,0.91397192,0
258,0.91023578,0
259,0.91397192,0
260,0.90276344,0
261,0.90276344,0
262,0.89529333,0
263,0.91770937,0
264,0.88035561,0
265,0.8878236,0
266,0.87288887,0
267,0.88408963,0
268,0.61977795,0
269,0.39398544,0
270,0.18775016,0
271,0.022754425,0
272,-0.13794642,0
273,-0.23988791,0
274,-0.37058559,0
275,-0.46110288,0
276,-0.52976243,0
277,-0.62352974,0
278,-0.6919149,0
279,-0.749413,0
280,-0.77095334,0
281,-0.84625389,0
282,-0.88564077,0
283,-0.89637591,0
284,-0.93213879,0
285,-0.964298,0
286,-0.95000833,0
287,-0.63433511,0
288,-0.35245753,0
289,-0.094180401,0
290,0.11433848,0
291,0.22450378,0
292,0.36446098,0
293,0.46048886,0
294,0.54932169,0
295,0.64205162,0
296,0.68663349,0
297,0.72382053,0
298,0.75359296,0
299,0.779661,0
300,0.79829034,0
301,0.84676479,0
302,0.83184365,0
303,0.84303387,0
304,0.84676479,0
305,0.85049588,0
306,0.86169093,0
307,0.88035561,0
308,0.87662186,0
309,0.88035561,0
310,0.88408963,0
311,0.89155784,0
312,0.91397192,0
313,0.90649991,0
314,0.92144622,0
315,0.94387573,0
316,0.92518334,0
317,0.93265953,0
318,0.96257607,0
319,0.94761476,0
320,0.94013693,0
321,0.94013693,0
322,0.95509481,0
323,0.94761476,0
324,0.96257607,0
325,0.96257607,0
326,0.98128352,0
327,0.97379999,0
328,0.96257607,0
329,0.96631678,0
330,0.96257607,0
331,0.98128352,0
332,0.95509481,0
333,0.95509481,0
334,0.94013693,0
335,0.95509481,0
336,0.96257607,0
337,0.94387573,0
338,0.93265953,0
339,0.93265953,0
340,0.93265953,0
341,0.93639758,0
342,0.94387573,0
343,0.94387573,0
344,0.94387573,0
345,0.94387573,0
346,0.94013693,0
347,0.94387573,0
348,0.95135508,0
349,0.93639758,0
350,0.93265953,0
351,0.92892171,0
352,0.92892171,0
353,0.94387573,0
354,0.92892171,0
355,0.92144622,0
356,0.91770937,0
357,0.93265953,0
358,0.92892171,0
359,0.92518334,0
360,0.89155784,0
361,0.8878236,0
362,0.88035561,0
363,0.88035561,0
364,0.89529333,0
365,0.86915577,0
366,0.72010026,0
367,0.48267974,0
368,0.26865081,0
369,0.099671616,0
370,-0.079581736,0
371,-0.18894868,0
372,-0.32706589,0
373,-0.42853958,0
374,-0.51170558,0
375,-0.58749127,0
376,-0.66673387,0
377,-0.72426751,0
378,-0.77813079,0
379,-0.8211694,0
380,-0.84267141,0
381,-0.89637591,0
382,-0.93213879,0
383,-0.94643499,0
384,-0.964298,0
385,-0.79965585,0
386,-0.47556725,0
387,-0.20714854,0
388,0.022754425,0
389,0.22450378,0
390,0.29810811,0
391,0.43830949,0
392,0.51598774,0
393,0.62720202,0
394,0.68291686,0
395,0.72010026,0
396,0.74614808,0
397,0.76848714,0
398,0.779661,0
399,0.79456409,0
400,0.80574469,0
401,0.84676479,0
402,0.83184365,0
403,0.865423,0
404,0.86915577,0
405,0.85795881,0
406,0.865423,0
407,0.87662186,0
408,0.89155784,0
409,0.8878236,0
410,0.89155784,0
411,0.89529333,0
412,0.89902828,0
413,0.91023578,0
414,0.91023578,0
415,0.91023578,0
416,0.92892171,0
417,0.91397192,0
418,0.92144622,0
419,0.92518334,0
420,0.95135508,0
421,0.95883482,0
422,0.95509481,0
423,0.96257607,0
424,0.95509481,0
425,0.95509481,0
426,0.97379999,0
427,0.96257607,0
428,0.95509481,0
429,0.95509481,0
430,0.95135508,0
431,0.97379999,0
432,0.94387573,0
433,0.95135508,0
434,0.97754162,0
435,0.97754162,0
436,0.95883482,0
437,0.96631678,0
438,0.95135508,0
439,0.95883482,0
440,0.95135508,0
441,0.94013693,0
442,0.95509481,0
443,0.93639758,0
444,0.94761476,0
445,0.94013693,0
446,0.94387573,0
447,0.95883482,0
448,0.95135508,0
449,0.94387573,0
450,0.95509481,0
451,0.94387573,0
452,0.92518334,0
453,0.94013693,0
454,0.94761476,0
455,0.91397192,0
456,0.91770937,0
457,0.92144622,0
458,0.90649991,0
459,0.91770937,0
460,0.89529333,0
461,0.91023578,0
462,0.87662186,0
463,0.87288887,0
464,0.85795881,0
465,0.60493606,0
466,0.35339488,0
467,0.18040315,0
468,0.026414297,0
469,-0.14888072,0
470,-0.26533344,0
471,-0.3742097,0
472,-0.47556725,0
473,-0.54420245,0
474,-0.62352974,0
475,-0.68831862,0
476,-0.75300362,0
477,-0.79965585,0
478,-0.84625389,0
479,-0.88206167,0
480,-0.8999536,0
481,-0.95000833,0
482,-0.95715371,0
483,-0.88921944,0
484,-0.62713179,0
485,-0.32343683,0
486,-0.068629156,0
487,0.13634849,0
488,0.23921491,0
489,0.38291163,0
490,0.47897986,0
491,0.59751585,0
492,0.65690726,0
493,0.70150457,0
494,0.73870438,0
495,0.75731617,0
496,0.77593589,0
497,0.81692817,0
498,0.8131999,0
499,0.82065632,0
500,0.82811452,0
501,0.84676479,0
502,0.86169093,0
503,0.87288887,0
504,0.8878236,0
505,0.86915577,0
506,0.87662186,0
507,0.88035561,0
508,0.8878236,0
509,0.90276344,0
510,0.90276344,0
511,0.90649991,0
512,0.91770937,0
513,0.91397192,0
514,0.91397192,0
515,0.92518334,0
516,0.92144622,0
517,0.92892171,0
518,0.94761476,0
519,0.94013693,0
520,0.96257607,0
521,0.94387573,0
522,0.95509481,0
523,0.94761476,0
524,0.95509481,0
525,0.96631678,0
526,0.95509481,0
527,0.95883482,0
528,0.95883482,0
529,0.96257607,0
530,0.95135508,0
531,0.95883482,0
532,0.95509481,0
533,0.95883482,0
534,0.9700577,0
535,0.97754162,0
536,0.95135508,0
537,0.95883482,0
538,0.95135508,0
539,0.9700577,0
540,0.94761476,0
541,0.96257607,0
542,0.94387573,0
543,0.95135508,0
544,0.94387573,0
545,0.94013693,0
546,0.94387573,0
547,0.95135508,0
548,0.94761476,0
549,0.94013693,0
550,0.94761476,0
551,0.92518334,0
552,0.92518334,0
553,0.91397192,0
554,0.91023578,0
555,0.91023578,0
556,0.89902828,0
557,0.89529333,0
558,0.89155784,0
559,0.8878236,0
560,0.89902828,0
561,0.8878236,0
562,0.86915577,0
563,0.70894179,0
564,0.43461346,0
565,0.25760973,0
566,0.077680843,0
567,-0.086881925,0
568,-0.20714854,0
569,-0.33069383,0
570,-0.42853958,0
571,-0.51170558,0
572,-0.59470144,0
573,-0.65953636,0
574,-0.7170806,0
575,-0.78171924,0
576,-0.8211694,0
577,-0.87132284,0
578,-0.90710822,0
579,-0.93571333,0
580,-0.94643499,0
581,-0.95715371,0
582,-0.7673639,0
583,-0.45748632,0
584,-0.18894868,0
585,0.044716335,0
586,0.23921491,0
587,0.31652945,0
588,0.4530937,0
589,0.51968947,0
590,0.62720202,0
591,0.67920013,0
592,0.72010026,0
593,0.75359296,0
594,0.78711165,0
595,0.80574469,0
596,0.83930376,0
597,0.83184365,0
598,0.84303387,0
599,0.84303387,0
600,0.85049588,0
601,0.86915577,0
602,0.86169093,0
603,0.86915577,0
604,0.87662186,0
605,0.88035561,0
606,0.89529333,0
607,0.89155784,0
608,0.91023578,0
609,0.90649991,0
610,0.93265953,0
611,0.91770937,0
612,0.91023578,0
613,0.91397192,0
614,0.92144622,0
615,0.92144622,0
616,0.95135508,0
617,0.95135508,0
618,0.93639758,0
619,0.95509481,0
620,0.95509481,0
621,0.94761476,0
622,0.97379999,0
623,0.97754162,0
624,0.96631678,0
625,0.9700577,0
626,0.96257607,0
627,0.96631678,0
628,0.9887694,0
629,0.9887694,0
630,0.99625641,0
631,0.97754162,0
632,0.99251222,0
633,0.96257607,0
634,0.95883482,0
635,0.97754162,0
636,0.95883482,0
637,0.9700577,0
638,0.94013693,0
639,0.96631678,0
640,0.96631678,0
641,0.96257607,0
642,0.93265953,0
643,0.93265953,0
644,0.92144622,0
645,0.92144622,0
646,0.91023578,0
647,0.91397192,0
648,0.91023578,0
649,0.92144622,0
650,0.91397192,0
651,0.90649991,0
652,0.90276344,0
653,0.91770937,0
654,0.90649991,0
655,0.89902828,0
656,0.87662186,0
657,0.90276344,0
658,0.88035561,0
659,0.85422697,0
660,0.54932169,0
661,0.33127134,0
662,0.16204158,0
663,-0.010166791,0
664,-0.15252519,0
665,-0.27260129,0
666,-0.37783408,0
667,-0.47195157,0
668,-0.55502902,0
669,-0.63073394,0
670,-0.6919149,0
671,-0.74223,0
672,-0.80682841,0
673,-0.85341808,0
674,-0.89279778,0
675,-0.92141333,0
676,-0.95358113,0
677,-0.9678696,0
678,-0.88564077,0
679,-0.59830626,0
680,-0.30891859,0
681,-0.10877456,0
682,0.16204158,0
683,0.24289305,0
684,0.39029327,0
685,0.47528076,0
686,0.59380743,0
687,0.64947901,0
688,0.70522321,0
689,0.73870438,0
690,0.77221155,0
691,0.79083774,0
692,0.8131999,0
693,0.82065632,0
694,0.82438528,0
695,0.82811452,0
696,0.85422697,0
697,0.84676479,0
698,0.87288887,0
699,0.85795881,0
700,0.865423,0
701,0.89902828,0
702,0.88035561,0
703,0.88408963,0
704,0.89529333,0
705,0.91397192,0
706,0.89902828,0
707,0.90649991,0
708,0.93265953,0
709,0.93639758,0
710,0.91770937,0
711,0.92892171,0
712,0.92518334,0
713,0.92892171,0
714,0.94387573,0
715,0.95135508,0
716,0.93639758,0
717,0.96631678,0
718,0.95509481,0
719,0.95509481,0
720,0.96257607,0
721,0.9700577,0
722,0.98128352,0
723,0.97379999,0
724,0.99251222,0
725,0.97754162,0
726,0.97379999,0
727,0.97379999,0
728,0.96631678,0
729,0.97754162,0
730,0.98128352,0
731,0.96257607,0
732,0.95135508,0
733,0.9700577,0
734,0.9700577,0
735,0.96257607,0
736,0.94013693,0
737,0.95883482,0
738,0.95883482,0
739,0.92892171,0
740,0.92518334,0
741,0.92518334,0
742,0.91397192,0
743,0.93639758,0
744,0.92144622,0
745,0.92144622,0
746,0.91770937,0
747,0.92892171,0
748,0.92144622,0
749,0.91023578,0
750,0.90649991,0
751,0.89529333,0
752,0.89155784,0
753,0.88408963,0
754,0.88408963,0
755,0.88408963,0
756,0.87288887,0
757,0.865423,0
758,0.68291686,0
759,0.42352908,0
760,0.24289305,0
761,0.055701617,0
762,-0.10512623,0
763,-0.22533993,0
764,-0.33069383,0
765,-0.43577861,0
766,-0.51531735,0
767,-0.59830626,0
768,-0.6559372,0
769,-0.73863845,0
770,-0.78889473,0
771,-0.84267141,0
772,-0.85341808,0
773,-0.9178376,0
774,-0.93213879,0
775,-0.97501194,0
776,-0.96072607,0
777,-0.76377436,0
778,-0.44301553,0
779,-0.1743832,0
780,0.055701617,0
781,0.17305765,0
782,0.32021389,0
783,0.4530937,0
784,0.53079886,0
785,0.6383388,0
786,0.69035093,0
787,0.72754113,0
788,0.76848714,0
789,0.78711165,0
790,0.8131999,0
791,0.82438528,0
792,0.82811452,0
793,0.85795881,0
794,0.83930376,0
795,0.85422697,0
796,0.86915577,0
797,0.86169093,0
798,0.88408963,0
799,0.87288887,0
800,0.90276344,0
801,0.91397192,0
802,0.91770937,0
803,0.89902828,0
804,0.91397192,0
805,0.91770937,0
806,0.90276344,0
807,0.92892171,0
808,0.91397192,0
809,0.92144622,0
810,0.93639758,0
811,0.92892171,0
812,0.94761476,0
813,0.93639758,0
814,0.94013693,0
815,0.96631678,0
816,0.98128352,0
817,0.97754162,0
818,0.98128352,0
819,0.99625641,0
820,0.97754162,0
821,0.97379999,0
822,0.98502673,0
823,0.97754162,0
824,0.98128352,0
825,0.96631678,0
826,0.96257607,0
827,0.96257607,0
828,0.95135508,0
829,0.9700577,0
830,0.97379999,0
831,0.95135508,0
832,0.96257607,0
833,0.95509481,0
834,0.94761476,0
835,0.95135508,0
836,0.97379999,0
837,0.96631678,0
838,0.94761476,0
839,0.93639758,0
840,0.95883482,0
841,0.94761476,0
842,0.93639758,0
843,0.93265953,0
844,0.92892171,0
845,0.92518334,0
846,0.93265953,0
847,0.91397192,0
848,0.92144622,0
849,0.90276344,0
850,0.89529333,0
851,0.88408963,0
852,0.90276344,0
853,0.8878236,0
854,0.88035561,0
855,0.89155784,0
856,0.83930376,0
857,0.51228497,0
858,0.30179139,0
859,0.13634849,0
860,-0.017478734,0
861,-0.14888072,0
862,-0.25806486,0
863,-0.38508144,0
864,-0.48279732,0
865,-0.56224496,0
866,-0.63793617,0
867,-0.702702,0
868,-0.7673639,0
869,-0.8211694,0
870,-0.83908861,0
871,-0.88206167,0
872,-0.93213879,0
873,-0.94286143,0
874,-0.97858256,0
875,-0.86774243,0
876,-0.59470144,0
877,-0.30528871,0
878,-0.054021331,0
879,0.1657132,0
880,0.24289305,0
881,0.38291163,0
882,0.47897986,0
883,0.59751585,0
884,0.65690726,0
885,0.70522321,0
886,0.73870438,0
887,0.77221155,0
888,0.80201735,0
889,0.80947192,0
890,0.82811452,0
891,0.8355736,0
892,0.84676479,0
893,0.88035561,0
894,0.86169093,0
895,0.86915577,0
896,0.87662186,0
897,0.88408963,0
898,0.90649991,0
899,0.89902828,0
900,0.90276344,0
901,0.92892171,0
902,0.91023578,0
903,0.90649991,0
904,0.91397192,0
905,0.92518334,0
906,0.91397192,0
907,0.93639758,0
908,0.92144622,0
909,0.93639758,0
910,0.94761476,0
911,0.95135508,0
912,0.94013693,0
913,0.95135508,0
914,0.95883482,0
915,0.9700577,0
916,0.9700577,0
917,0.97379999,0
918,0.97379999,0
919,0.98128352,0
920,0.97379999,0
921,0.96631678,0
922,0.96257607,0
923,0.97379999,0
924,0.9700577,0
925,0.95509481,0
926,0.94761476,0
927,0.97379999,0
928,0.9700577,0
929,0.94761476,0
930,0.96631678,0
931,0.95509481,0
932,0.95883482,0
933,0.97754162,0
934,0.96631678,0
935,0.95883482,0
936,0.95509481,0
937,0.94761476,0
938,0.94387573,0
939,0.95883482,0
940,0.95883482,0
941,0.92892171,0
942,0.92892171,0
943,0.92518334,0
944,0.92144622,0
945,0.93639758,0
946,0.90649991,0
947,0.89902828,0
948,0.89529333,0
949,0.88035561,0
950,0.88408963,0
951,0.8878236,0
952,0.87288887,0
953,0.865423,0
954,0.83184365,0
955,0.66062204,0
956,0.39398544,0
957,0.22450378,0
958,0.044716335,0
959,-0.10877456,0
960,-0.23261465,0
961,-0.33795015,0
962,-0.4249203,0
963,-0.52615158,0
964,-0.60911837,0
965,-0.68112497,0
966,-0.7458215,0
967,-0.79965585,0
968,-0.84625389,0
969,-0.88921944,0
970,-0.90710822,0
971,-0.93928765,0
972,-0.97144099,0
973,-0.964298,0
974,-0.73863845,0
975,-0.44301553,0
976,-0.17074063,0
977,0.055701617,0
978,0.16938516,0
979,0.31652945,0
980,0.43461346,0
981,0.57155878,0
982,0.6383388,0
983,0.69035093,0
984,0.73126162,0
985,0.76103959,0
986,0.79083774,0
987,0.80947192,0
988,0.81692817,0
989,0.83184365,0
990,0.83930376,0
991,0.84303387,0
992,0.88408963,0
993,0.89155784,0
994,0.87662186,0
995,0.90276344,0
996,0.89155784,0
997,0.89529333,0
998,0.92144622,0
999,0.90649991,0
1000,0.90276344,0
1001,0.92518334,0
1002,0.91397192,0
1003,0.91397192,0
1004,0.91770937,0
1005,0.92144622,0
1006,0.92518334,0
1007,0.92518334,0
1008,0.93265953,0
1009,0.94013693,0
1010,0.94387573,0
1011,0.95509481,0
1012,0.9700577,0
1013,0.9887694,0
1014,0.9700577,0
1015,0.9887694,0
1016,0.9700577,0
1017,0.97754162,0
1018,0.96631678,0
1019,0.98128352,0
1020,0.9887694,0
1021,0.95135508,0
1022,0.97379999,0
1023,0.9700577,0
1024,0.96631678,0
1025,0.97379999,0
1026,0.96631678,0
1027,0.95883482,0
1028,0.96257607,0
1029,0.98128352,0
1030,0.96631678,0
1031,0.94761476,0
1032,0.94013693,0
1033,0.95509481,0
1034,0.94761476,0
1035,0.95135508,0
1036,0.94387573,0
1037,0.94761476,0
1038,0.92892171,0
1039,0.92144622,0
1040,0.91397192,0
1041,0.91397192,0
1042,0.89902828,0
1043,0.89155784,0
1044,0.89155784,0
1045,0.8878236,0
1046,0.89902828,0
1047,0.88408963,0
1048,0.8878236,0
1049,0.89902828,0
1050,0.88408963,0
1051,0.87288887,0
1052,0.87288887,0
1053,0.77593589,0
1054,0.50858297,0
1055,0.32021389,0
1056,0.14001809,0
1057,-0.017478734,0
1058,-0.1743832,0
1059,-0.28713176,0
1060,-0.38870484,0
1061,-0.48279732,0
1062,-0.5766734,0
1063,-0.64873774,0
1064,-0.71348623,0
1065,-0.77454217,0
1066,-0.82833815,0
1067,-0.86774243,0
1068,-0.89279778,0
1069,-0.9178376,0
1070,-0.97144099,0
1071,-0.98572305,0
1072,-0.86416191,0
1073,-0.57306668,0
1074,-0.26533344,0
1075,-0.03575413,0
1076,0.18040315,0
1077,0.25760973,0
1078,0.40136898,0
1079,0.49007867,0
1080,0.61235616,0
1081,0.66805225,0
1082,0.72010026,0
1083,0.75359296,0
1084,0.779661,0
1085,0.80574469,0
1086,0.8355736,0
1087,0.83184365,0
1088,0.84303387,0
1089,0.85049588,0
1090,0.86169093,0
1091,0.88035561,0
1092,0.8878236,0
1093,0.88408963,0
1094,0.8878236,0
1095,0.89902828,0
1096,0.91397192,0
1097,0.90649991,0
1098,0.90276344,0
1099,0.93265953,0
1100,0.90649991,0
1101,0.92144622,0
1102,0.92518334,0
1103,0.93265953,0
1104,0.92892171,0
1105,0.93639758,0
1106,0.93639758,0
1107,0.94761476,0
1108,0.9700577,0
1109,0.96257607,0
1110,0.97379999,0
1111,0.96631678,0
1112,0.9700577,0
1113,0.99251222,0
1114,1.0,0
1115,0.96631678,0
1116,0.98128352,0
1117,0.98502673,0
1118,0.97754162,0
1119,0.98502673,0
1120,0.96631678,0
1121,0.96631678,0
1122,0.99625641,0
1123,0.9700577,0
1124,0.97379999,0
1125,0.97754162,0
1126,0.9887694,0
1127,0.96257607,0
1128,0.97379999,0
1129,0.95135508,0
1130,0.95135508,0
1131,0.94387573,0
1132,0.94761476,0
1133,0.94013693,0
1134,0.93639758,0
1135,0.92892171,0
1136,0.94387573,0
1137,0.93265953,0
1138,0.90649991,0
1139,0.89529333,0
1140,0.89529333,0
1141,0.91770937,0
1142,0.90649991,0
1143,0.89529333,0
1144,0.90649991,0
1145,0.89155784,0
1146,0.8878236,0
1147,0.91023578,0
1148,0.88408963,0
1149,0.8878236,0
1150,0.89902828,0
1151,0.88408963,0
1152,0.65690726,0
1153,0.39029327,0
1154,0.22450378,0
1155,0.041055294,0
1156,-0.11242212,0
1157,-0.22170247,0
1158,-0.34520436,0
1159,-0.45025152,0
1160,-0.53698293,0
1161,-0.61632452,0
1162,-0.68831862,0
1163,-0.749413,0
1164,-0.80324246,0
1165,-0.84983625,0
1166,-0.87132284,0
1167,-0.92856404,0
1168,-0.94286143,0
1169,-0.97144099,0
1170,-0.99643122,0
1171,-0.72786097,0
1172,-0.41405916,0
1173,-0.14888072,0
1174,0.081345111,0
1175,0.26865081,0
1176,0.34970756,0
1177,0.44939773,0
1178,0.54561604,0
1179,0.64576515,0
1180,0.69406859,0
1181,0.73498286,0
1182,0.76848714,0
1183,0.78711165,0
1184,0.82811452,0
1185,0.83184365,0
1186,0.83930376,0
1187,0.865423,0
1188,0.865423,0
1189,0.88035561,0
1190,0.8878236,0
1191,0.89155784,0
1192,0.88035561,0
1193,0.91023578,0
1194,0.91397192,0
1195,0.91023578,0
1196,0.91770937,0
1197,0.90276344,0
1198,0.90276344,0
1199,0.92892171,0
1200,0.92144622,0
1201,0.92144622,0
1202,0.95509481,0
1203,0.93265953,0
1204,0.94387573,0
1205,0.95135508,0
1206,0.94761476,0
1207,0.95883482,0
1208,0.95883482,0
1209,0.96257607,0
1210,0.96631678,0
1211,0.9700577,0
1212,0.97379999,0
1213,0.9700577,0
1214,0.99625641,0
1215,0.98128352,0
1216,0.99251222,0
1217,0.97379999,0
1218,0.96631678,0
1219,0.99625641,0
1220,0.96257607,0
1221,0.98128352,0
1222,0.9700577,0
1223,0.96631678,0
1224,0.96257607,0
1225,0.98128352,0
1226,0.97754162,0
1227,0.95135508,0
1228,0.94761476,0
1229,0.95135508,0
1230,0.94387573,0
1231,0.94013693,0
1232,0.93265953,0
1233,0.94387573,0
1234,0.95135508,0
1235,0.92144622,0
1236,0.91397192,0
1237,0.93639758,0
1238,0.91397192,0
1239,0.91397192,0
1240,0.92892171,0
1241,0.90649991,0
1242,0.92144622,0
1243,0.89902828,0
1244,0.89155784,0
1245,0.91023578,0
1246,0.89155784,0
1247,0.87662186,0
1248,0.87288887,0
1249,0.88035561,0
1250,0.75359296,0
1251,0.48267974,0
1252,0.30547586,0
1253,0.11067133,0
1254,-0.054021331,0
1255,-0.17074063,0
1256,-0.30891859,0
1257,-0.41767942,0
1258,-0.50086749,0
1259,-0.59109636,0
1260,-0.66673387,0
1261,-0.72786097,0
1262,-0.78530715,0
1263,-0.82475383,0
1264,-0.87490281,0
1265,-0.88564077,0
1266,-0.94286143,0
1267,-0.95715371,0
1268,-0.98572305,0
1269,-0.85699968,0
1270,-0.55142035,0
1271,-0.26533344,0
1272,-0.010166791,0
1273,0.20979866,0
1274,0.28337733,0
1275,0.41983479,0
1276,0.49747934,0
1277,0.61235616,0
1278,0.66805225,0
1279,0.70894179,0
1280,0.74987058,0
1281,0.77593589,0
1282,0.8131999,0
1283,0.8131999,0
1284,0.82811452,0
1285,0.85795881,0
1286,0.85795881,0
1287,0.85049588,0
1288,0.85422697,0
1289,0.89155784,0
1290,0.88035561,0
1291,0.89902828,0
1292,0.8878236,0
1293,0.91023578,0
1294,0.89529333,0
1295,0.90649991,0
1296,0.90649991,0
1297,0.89902828,0
1298,0.91770937,0
1299,0.90276344,0
1300,0.93265953,0
1301,0.90276344,0
1302,0.92892171,0
1303,0.94387573,0
1304,0.95883482,0
1305,0.94013693,0
1306,0.95135508,0
1307,0.95135508,0
1308,0.95883482,0
1309,0.97379999,0
1310,0.96631678,0
1311,0.96631678,0
1312,0.97379999,0
1313,0.99251222,0
1314,0.96631678,0
1315,0.96631678,0
1316,0.95883482,0
1317,0.96257607,0
1318,0.97754162,0
1319,0.95135508,0
1320,0.95135508,0
1321,0.96631678,0
1322,0.95135508,0
1323,0.96631678,0
1324,0.95135508,0
1325,0.94387573,0
1326,0.95509481,0
1327,0.94013693,0
1328,0.93639758,0
1329,0.92892171,0
1330,0.93265953,0
1331,0.93639758,0
1332,0.94013693,0
1333,0.90649991,0
1334,0.93639758,0
1335,0.91023578,0
1336,0.91770937,0
1337,0.92892171,0
1338,0.91023578,0
1339,0.91023578,0
1340,0.92518334,0
1341,0.90276344,0
1342,0.90276344,0
1343,0.89155784,0
1344,0.8878236,0
1345,0.87288887,0
1346,0.89902828,0
1347,0.8878236,0
1348,0.86169093,0
1349,0.63091332,0
1350,0.40136898,0
1351,0.19509845,0
1352,0.022754425,0
1353,-0.13065564,0
1354,-0.25442993,0
1355,-0.36696039,0
1356,-0.46110288,0
1357,-0.54781135,0
1358,-0.62713179,0
1359,-0.69551124,0
1360,-0.75659414,0
1361,-0.80682841,0
1362,-0.82833815,0
1363,-0.89279778,0
1364,-0.90710822,0
1365,-0.94286143,0
1366,-0.97501194,0
1367,-0.98929269,0
1368,-0.6991067,0
1369,-0.3814583,0
1370,-0.10877456,0
1371,0.088674785,0
1372,0.2723324,0
1373,0.34601923,0
1374,0.47158286,0
1375,0.54561604,0
1376,0.66062204,0
1377,0.69406859,0
1378,0.73126162,0
1379,0.76103959,0
1380,0.78711165,0
1381,0.82065632,0
1382,0.83184365,0
1383,0.82811452,0
1384,0.85795881,0
1385,0.86915577,0
1386,0.86915577,0
1387,0.88408963,0
1388,0.87288887,0
1389,0.88035561,0
1390,0.89529333,0
1391,0.90276344,0
1392,0.88035561,0
1393,0.89529333,0
1394,0.89529333,0
1395,0.90276344,0
1396,0.90276344,0
1397,0.90649991,0
1398,0.91397192,0
1399,0.91770937,0
1400,0.92144622,0
1401,0.93265953,0
1402,0.94387573,0
1403,0.93639758,0
1404,0.94013693,0
1405,0.95135508,0
1406,0.94761476,0
1407,0.95883482,0
1408,0.96257607,0
1409,0.9700577,0
1410,0.9700577,0
1411,0.97379999,0
1412,0.96257607,0
1413,0.95883482,0
1414,0.95135508,0
1415,0.97754162,0
1416,0.9700577,0
1417,0.94387573,0
1418,0.93639758,0
1419,0.93639758,0
1420,0.96631678,0
1421,0.94013693,0
1422,0.94013693,0
1423,0.94761476,0
1424,0.94387573,0
1425,0.94761476,0
1426,0.93265953,0
1427,0.95509481,0
1428,0.92518334,0
1429,0.92144622,0
1430,0.91770937,0
1431,0.91397192,0
1432,0.90649991,0
1433,0.93265953,0
1434,0.90649991,0
1435,0.89902828,0
1436,0.90276344,0
1437,0.92144622,0
1438,0.89529333,0
1439,0.89902828,0
1440,0.89155784,0
1441,0.89529333,0
1442,0.89529333,0
1443,0.8878236,0
1444,0.87288887,0
1445,0.89155784,0
1446,0.74614808,0
1447,0.46418578,0
1448,0.28705933,0
1449,0.096005765,0
1450,-0.046715366,0
1451,-0.20350889,0
1452,-0.31617874,0
1453,-0.42853958,0
1454,-0.51531735,0
1455,-0.59109636,0
1456,-0.66673387,0
1457,-0.72426751,0
1458,-0.78530715,0
1459,-0.8211694,0
1460,-0.84625389,0
1461,-0.90710822,0
1462,-0.92498874,0
1463,-0.97144099,0
1464,-0.97858256,0
1465,-0.81399945,0
1466,-0.51892918,0
1467,-0.24352392,0
1468,0.00080406717,0
1469,0.21715102,0
1470,0.29074165,0
1471,0.42722416,0
1472,0.50488218,0
1473,0.62348957,0
1474,0.67176801,0
1475,0.72010026,0
1476,0.76103959,0
1477,0.77593589,0
1478,0.80201735,0
1479,0.83184365,0
1480,0.82811452,0
1481,0.83930376,0
1482,0.85422697,0
1483,0.85422697,0
1484,0.85795881,0
1485,0.8878236,0
1486,0.87288887,0
1487,0.89529333,0
1488,0.90649991,0
1489,0.90276344,0
1490,0.89529333,0
1491,0.89902828,0
1492,0.90276344,0
1493,0.90276344,0
1494,0.92144622,0
1495,0.92144622,0
1496,0.94013693,0
1497,0.92144622,0
1498,0.92518334,0
1499,0.92892171,0
1500,0.95135508,0
1501,0.95509481,0
1502,0.96257607,0
1503,0.96257607,0
1504,0.98502673,0
1505,0.9700577,0
1506,0.96631678,0
1507,0.97754162,0
1508,0.9700577,0
1509,0.98128352,0
1510,0.96631678,0
1511,0.95135508,0
1512,0.95135508,0
1513,0.9700577,0
1514,0.94387573,0
1515,0.94387573,0
1516,0.96257607,0
1517,0.96631678,0
1518,0.93265953,0
1519,0.94761476,0
1520,0.95883482,0
1521,0.96257607,0
1522,0.94761476,0
1523,0.95135508,0
1524,0.94761476,0
1525,0.94387573,0
1526,0.93265953,0
1527,0.93265953,0
1528,0.93639758,0
1529,0.92892171,0
1530,0.92144622,0
1531,0.92518334,0
1532,0.93639758,0
1533,0.91770937,0
1534,0.90649991,0
1535,0.90649991,0
1536,0.90649991,0
1537,0.90276344,0
1538,0.90649991,0
1539,0.91397192,0
1540,0.88408963,0
1541,0.87662186,0
1542,0.87288887,0
1543,0.86169093,0
1544,0.865423,0
1545,0.60493606,0
1546,0.37922041,0
1547,0.17673024,0
1548,0.0081196529,0
1549,-0.14888072,0
1550,-0.26896742,0
1551,-0.3814583,0
1552,-0.47195157,0
1553,-0.55502902,0
1554,-0.63073394,0
1555,-0.69551124,0
1556,-0.76018471,0
1557,-0.78171924,0
1558,-0.82833815,0
1559,-0.86774243,0
1560,-0.92498874,0
1561,-0.93928765,0
1562,-0.9678696,0
1563,-0.96072607,0
1564,-0.67033211,0
1565,-0.35970999,0
1566,-0.10512623,0
1567,0.12534204,0
1568,0.28705933,0
1569,0.3607727,0
1570,0.47897986,0
1571,0.54932169,0
1572,0.64576515,0
1573,0.6977862,0
1574,0.73870438,0
1575,0.76476296,0
1576,0.80947192,0
1577,0.81692817,0
1578,0.84676479,0
1579,0.83930376,0
1580,0.85422697,0
1581,0.86169093,0
1582,0.86915577,0
1583,0.87662186,0
1584,0.89155784,0
1585,0.8878236,0
1586,0.90276344,0
1587,0.91023578,0
1588,0.90649991,0
1589,0.91397192,0
1590,0.94013693,0
1591,0.92892171,0
1592,0.95135508,0
1593,0.93265953,0
1594,0.93265953,0
1595,0.92892171,0
1596,0.94387573,0
1597,0.93265953,0
1598,0.94013693,0
1599,0.94387573,0
1600,0.96631678,0
1601,0.96257607,0
1602,0.96257607,0
1603,0.9700577,0
1604,0.96631678,0
1605,0.99251222,0
1606,0.96631678,0
1607,0.98502673,0
1608,0.95883482,0
1609,0.97379999,0
1610,0.95135508,0
1611,0.94761476,0
1612,0.95135508,0
1613,0.94761476,0
1614,0.95509481,0
1615,0.96257607,0
1616,0.96257607,0
1617,0.94761476,0
1618,0.95509481,0
1619,0.96631678,0
1620,0.9700577,0
1621,0.94761476,0
1622,0.9700577,0
1623,0.94761476,0
1624,0.94387573,0
1625,0.93639758,0
1626,0.93639758,0
1627,0.95135508,0
1628,0.92892171,0
1629,0.91770937,0
1630,0.92518334,0
1631,0.91770937,0
1632,0.91397192,0
1633,0.91397192,0
1634,0.91023578,0
1635,0.90649991,0
1636,0.90649991,0
1637,0.89155784,0
1638,0.88035561,0
1639,0.88035561,0
1640,0.87662186,0
1641,0.89155784,0
1642,0.88035561,0
1643,0.71266114,0
1644,0.44939773,0
1645,0.2723324,0
1646,0.074016918,0
1647,-0.079581736,0
1648,-0.21078744,0
1649,-0.33069383,0
1650,-0.42853958,0
1651,-0.51531735,0
1652,-0.58388548,0
1653,-0.66673387,0
1654,-0.72426751,0
1655,-0.77813079,0
1656,-0.82475383,0
1657,-0.84625389,0
1658,-0.88564077,0
1659,-0.9178376,0
1660,-0.95358113,0
1661,-0.97144099,0
1662,-0.80324246,0
1663,-0.46833593,0
1664,-0.20350889,0
1665,0.030073864,0
1666,0.22450378,0
1667,0.29810811,0
1668,0.43830949,0
1669,0.51598774,0
1670,0.61235616,0
1671,0.66805225,0
1672,0.70894179,0
1673,0.77221155,0
1674,0.77593589,0
1675,0.79456409,0
1676,0.80947192,0
1677,0.85795881,0
1678,0.8355736,0
1679,0.86169093,0
1680,0.87662186,0
1681,0.88408963,0
1682,0.87662186,0
1683,0.87288887,0
1684,0.87662186,0
1685,0.88408963,0
1686,0.91023578,0
1687,0.91770937,0
1688,0.89902828,0
1689,0.92892171,0
1690,0.91770937,0
1691,0.94761476,0
1692,0.93265953,0
1693,0.94013693,0
1694,0.96257607,0
1695,0.95509481,0
1696,0.96631678,0
1697,0.94761476,0
1698,0.95135508,0
1699,0.95509481,0
1700,0.96257607,0
1701,0.9887694,0
1702,0.96631678,0
1703,0.96257607,0
1704,0.95883482,0
1705,0.96257607,0
1706,0.95883482,0
1707,0.97379999,0
1708,0.95135508,0
1709,0.94761476,0
1710,0.9700577,0
1711,0.95883482,0
1712,0.94013693,0
1713,0.94387573,0
1714,0.94013693,0
1715,0.94013693,0
1716,0.93639758,0
1717,0.94387573,0
1718,0.94013693,0
1719,0.94387573,0
1720,0.94387573,0
1721,0.94761476,0
1722,0.94387573,0
1723,0.96257607,0
1724,0.96631678,0
1725,0.94387573,0
1726,0.94387573,0
1727,0.93639758,0
1728,0.94387573,0
1729,0.92144622,0
1730,0.91770937,0
1731,0.91023578,0
1732,0.93639758,0
1733,0.90276344,0
1734,0.91023578,0
1735,0.89902828,0
1736,0.89529333,0
1737,0.91023578,0
1738,0.8878236,0
1739,0.87662186,0
1740,0.88035561,0
1741,0.85422697,0
1742,0.55302633,0
1743,0.32758594,0
1744,0.16204158,0
1745,-0.0065098063,0
1746,-0.1561689,0
1747,-0.27623404,0
1748,-0.3814583,0
1749,-0.47556725,0
1750,-0.55502902,0
1751,-0.63793617,0
1752,-0.6991067,0
1753,-0.749413,0
1754,-0.79606925,0
1755,-0.84625389,0
1756,-0.88206167,0
1757,-0.89637591,0
1758,-0.92856404,0
1759,-0.95000833,0
1760,-0.95715371,0
1761,-0.63433511,0
1762,-0.33432202,0
1763,-0.072280065,0
1764,0.13267942,0
1765,0.24289305,0
1766,0.38660184,0
1767,0.47528076,0
1768,0.5604388,0
1769,0.64947901,0
1770,0.69406859,0
1771,0.72010026,0
1772,0.76103959,0
1773,0.77221155,0
1774,0.79456409,0
1775,0.80947192,0
1776,0.81692817,0
1777,0.85422697,0
1778,0.85422697,0
1779,0.84676479,0
1780,0.865423,0
1781,0.87288887,0
1782,0.89902828,0
1783,0.8878236,0
1784,0.89155784,0
1785,0.89155784,0
1786,0.91770937,0
1787,0.92518334,0
1788,0.91023578,0
1789,0.91397192,0
1790,0.94013693,0
1791,0.92518334,0
1792,0.92518334,0
1793,0.92518334,0
1794,0.92892171,0
1795,0.93639758,0
1796,0.96257607,0
1797,0.95883482,0
1798,0.9700577,0
1799,0.9700577,0
1800,0.97379999,0
1801,0.96257607,0
1802,0.95883482,0
1803,0.95509481,0
1804,0.96631678,0
1805,0.96257607,0
1806,0.97379999,0
1807,0.94761476,0
1808,0.94761476,0
1809,0.94013693,0
1810,0.94387573,0
1811,0.94761476,0
1812,0.94387573,0
1813,0.94387573,0
1814,0.9700577,0
1815,0.94387573,0
1816,0.94013693,0
1817,0.94387573,0
1818,0.94387573,0
1819,0.94387573,0
1820,0.94013693,0
1821,0.93639758,0
1822,0.95509481,0
1823,0.92892171,0
1824,0.92518334,0
1825,0.92518334,0
1826,0.92144622,0
1827,0.94387573,0
1828,0.94387573,0
1829,0.91770937,0
1830,0.91397192,0
1831,0.94013693,0
1832,0.91023578,0
1833,0.89902828,0
1834,0.91770937,0
1835,0.92144622,0
1836,0.8878236,0
1837,0.87662186,0
1838,0.87662186,0
1839,0.89155784,0
1840,0.71266114,0
1841,0.42352908,0
1842,0.22818152,0
1843,0.055701617,0
1844,-0.09782968,0
1845,-0.22533993,0
1846,-0.33432202,0
1847,-0.43939691,0
1848,-0.51892918,0
1849,-0.59470144,0
1850,-0.67033211,0
1851,-0.72786097,0
1852,-0.75300362,0
1853,-0.80324246,0
1854,-0.84983625,0
1855,-0.88564077,0
1856,-0.9178376,0
1857,-0.94643499,0
1858,-0.93213879,0
1859,-0.77813079,0
1860,-0.453869,0
1861,-0.18894868,0
1862,0.048377715,0
1863,0.23553621,0
1864,0.33127134,0
1865,0.43830949,0
1866,0.5345028,0
1867,0.63091332,0
1868,0.68663349,0
1869,0.72754113,0
1870,0.74242585,0
1871,0.79829034,0
1872,0.80574469,0
1873,0.82438528,0
1874,0.82811452,0
1875,0.83930376,0
1876,0.82438528,0
1877,0.83930376,0
1878,0.86169093,0
1879,0.88035561,0
1880,0.86915577,0
1881,0.88035561,0
1882,0.87288887,0
1883,0.88408963,0
1884,0.91397192,0
1885,0.89155784,0
1886,0.90276344,0
1887,0.92518334,0
1888,0.91023578,0
1889,0.91397192,0
1890,0.92518334,0
1891,0.91397192,0
1892,0.92518334,0
1893,0.94013693,0
1894,0.92892171,0
1895,0.94013693,0
1896,0.95509481,0
1897,0.95509481,0
1898,0.94761476,0
1899,0.96631678,0
1900,0.9700577,0
1901,0.95883482,0
1902,0.96631678,0
1903,0.96257607,0
1904,0.97379999,0
1905,0.96257607,0
1906,0.95509481,0
1907,0.9700577,0
1908,0.95883482,0
1909,0.94761476,0
1910,0.95135508,0
1911,0.9700577,0
1912,0.97379999,0
1913,0.94387573,0
1914,0.95509481,0
1915,0.95135508,0
1916,0.94387573,0
1917,0.94761476,0
1918,0.96257607,0
1919,0.94387573,0
1920,0.94013693,0
1921,0.95883482,0
1922,0.93639758,0
1923,0.92892171,0
1924,0.92892171,0
1925,0.92518334,0
1926,0.93265953,0
1927,0.92144622,0
1928,0.91770937,0
1929,0.92144622,0
1930,0.91397192,0
1931,0.90276344,0
1932,0.91770937,0
1933,0.91397192,0
1934,0.89155784,0
1935,0.87662186,0
1936,0.87288887,0
1937,0.865423,0
1938,0.84303387,0
1939,0.51968947,0
1940,0.32758594,0
1941,0.13634849,0
1942,-0.028444768,0
1943,-0.1743832,0
1944,-0.29076384,0
1945,-0.3814583,0
1946,-0.48279732,0
1947,-0.56585265,0
1948,-0.63073394,0
1949,-0.69551124,0
1950,-0.72426751,0
1951,-0.80682841,0
1952,-0.83550538,0
1953,-0.87490281,0
1954,-0.92141333,0
1955,-0.93571333,0
1956,-0.96072607,0
1957,-0.88921944,0
1958,-0.60911837,0
1959,-0.31617874,0
1960,-0.061325569,0
1961,0.099671616,0
1962,0.24289305,0
1963,0.38660184,0
1964,0.47897986,0
1965,0.59751585,0
1966,0.64947901,0
1967,0.71266114,0
1968,0.74242585,0
1969,0.76848714,0
1970,0.78711165,0
1971,0.82811452,0
1972,0.81692817,0
1973,0.83184365,0
1974,0.83184365,0
1975,0.84303387,0
1976,0.85049588,0
1977,0.85795881,0
1978,0.89529333,0
1979,0.86915577,0
1980,0.87662186,0
1981,0.88408963,0
1982,0.89155784,0
1983,0.8878236,0
1984,0.89529333,0
1985,0.90276344,0
1986,0.89902828,0
1987,0.92144622,0
1988,0.91023578,0
1989,0.91023578,0
1990,0.91397192,0
1991,0.94013693,0
1992,0.92518334,0
1993,0.94013693,0
1994,0.95135508,0
1995,0.93639758,0
1996,0.95509481,0
1997,0.95509481,0
1998,0.94761476,0
1999,0.95135508,0
2000,0.95509481,0
2001,0.95509481,0
2002,0.97379999,0
2003,0.96631678,0
2004,0.95509481,0
2005,0.9700577,0
2006,0.95883482,0
2007,0.95883482,0
2008,0.96257607,0
2009,0.96257607,0
2010,0.9700577,0
2011,0.96631678,0
2012,0.94761476,0
2013,0.9700577,0
2014,0.95135508,0
2015,0.9700577,0
2016,0.95135508,0
2017,0.94013693,0
2018,0.94761476,0
2019,0.92892171,0
2020,0.93265953,0
2021,0.92518334,0
2022,0.92518334,0
2023,0.92518334,0
2024,0.93639758,0
2025,0.91770937,0
2026,0.91397192,0
2027,0.90649991,0
2028,0.90276344,0
2029,0.89902828,0
2030,0.91023578,0
2031,0.89529333,0
2032,0.8878236,0
2033,0.88035561,0
2034,0.87662186,0
2035,0.86915577,0
2036,0.84676479,0
2037,0.66805225,0
2038,0.40136898,0
2039,0.22818152,0
2040,0.041055294,0
2041,-0.090531421,0
2042,-0.23625113,0
2043,-0.32706589,0
2044,-0.44301553,0
2045,-0.51531735,0
2046,-0.57306668,0
2047,-0.63793617,0
2048,-0.7314535,0
2049,-0.76018471,0
2050,-0.83192193,0
2051,-0.84983625,0
2052,-0.89637591,0
2053,-0.93213879,0
2054,-0.96072607,0
2055,-0.96072607,0
2056,-0.74223,0
2057,-0.44301553,0
2058,-0.1743832,0
2059,0.074016918,0
2060,0.24657152,0
2061,0.32021389,0
2062,0.4309182,0
2063,0.56785121,0
2064,0.63091332,0
2065,0.68663349,0
2066,0.74242585,0
2067,0.76103959,0
2068,0.78711165,0
2069,0.80947192,0
2070,0.84303387,0
2071,0.83184365,0
2072,0.86169093,0
2073,0.83930376,0
2074,0.86915577,0
2075,0.85422697,0
2076,0.86169093,0
2077,0.865423,0
2078,0.86915577,0
2079,0.88408963,0
2080,0.89155784,0
2081,0.89529333,0
2082,0.89529333,0
2083,0.90276344,0
2084,0.92144622,0
2085,0.91023578,0
2086,0.92144622,0
2087,0.91397192,0
2088,0.92144622,0
2089,0.94387573,0
2090,0.93265953,0
2091,0.94013693,0
2092,0.94387573,0
2093,0.96257607,0
2094,0.94387573,0
2095,0.95883482,0
2096,0.95135508,0
2097,0.95883482,0
2098,0.96257607,0
2099,0.96257607,0
2100,0.99625641,0
2101,0.9700577,0
2102,0.98502673,0
2103,0.99251222,0
2104,0.99251222,0
2105,0.98502673,0
2106,0.96257607,0
2107,0.95883482,0
2108,0.95509481,0
2109,0.96631678,0
2110,0.96631678,0
2111,0.94013693,0
2112,0.95883482,0
2113,0.95509481,0
2114,0.94761476,0
2115,0.93265953,0
2116,0.95135508,0
2117,0.94387573,0
2118,0.93639758,0
2119,0.92518334,0
2120,0.91397192,0
2121,0.91397192,0
2122,0.92144622,0
2123,0.91397192,0
2124,0.92144622,0
2125,0.91023578,0
2126,0.92892171,0
2127,0.90276344,0
2128,0.90276344,0
2129,0.90276344,0
2130,0.88408963,0
2131,0.90276344,0
2132,0.89902828,0
2133,0.87662186,0
2134,0.8355736,0
2135,0.61606757,0
2136,0.29810811,0
2137,0.12534204,0
2138,-0.03575413,0
2139,-0.15981212,0
2140,-0.2943958,0
2141,-0.39232814,0
2142,-0.47556725,0
2143,-0.55502902,0
2144,-0.63793617,0
2145,-0.6991067,0
2146,-0.7314535,0
2147,-0.81399945,0
2148,-0.83908861,0
2149,-0.8999536,0
2150,-0.90353096,0
2151,-0.95358113,0
2152,-0.97858256,0
2153,-0.88921944,0
2154,-0.58749127,0
2155,-0.30165772,0
2156,-0.057673708,0
2157,0.1657132,0
2158,0.26865081,0
2159,0.3976766,0
2160,0.50118037,0
2161,0.62348957,0
2162,0.67548371,0
2163,0.70522321,0
2164,0.74242585,0
2165,0.77221155,0
2166,0.79083774,0
2167,0.80201735,0
2168,0.82065632,0
2169,0.82811452,0
2170,0.83930376,0
2171,0.83930376,0
2172,0.84303387,0
2173,0.87662186,0
2174,0.85795881,0
2175,0.88408963,0
2176,0.89529333,0
2177,0.87662186,0
2178,0.88035561,0
2179,0.8878236,0
2180,0.89529333,0
2181,0.89529333,0
2182,0.92518334,0
2183,0.90276344,0
2184,0.90649991,0
2185,0.92518334,0
2186,0.93265953,0
2187,0.92144622,0
2188,0.92518334,0
2189,0.92892171,0
2190,0.94013693,0
2191,0.94013693,0
2192,0.96257607,0
2193,0.97379999,0
2194,0.95883482,0
2195,0.98128352,0
2196,0.99251222,0
2197,0.97379999,0
2198,0.97379999,0
2199,0.97379999,0
2200,0.9700577,0
2201,0.95883482,0
2202,0.97754162,0
2203,0.95135508,0
2204,0.9700577,0
2205,0.95883482,0
2206,0.97754162,0
2207,0.95135508,0
2208,0.95135508,0
2209,0.95135508,0
2210,0.94761476,0
2211,0.94761476,0
2212,0.94387573,0
2213,0.94387573,0
2214,0.94013693,0
2215,0.95883482,0
2216,0.93639758,0
2217,0.93639758,0
2218,0.93265953,0
2219,0.92892171,0
2220,0.94387573,0
2221,0.92518334,0
2222,0.92144622,0
2223,0.92518334,0
2224,0.91397192,0
2225,0.90649991,0
2226,0.92892171,0
2227,0.8878236,0
2228,0.89529333,0
2229,0.90649991,0
2230,0.87662186,0
2231,0.87662186,0
2232,0.865423,0
2233,0.67548371,0
2234,0.40136898,0
2235,0.20979866,0
2236,0.037394355,0
2237,-0.1160692,0
2238,-0.23625113,0
2239,-0.34520436,0
2240,-0.44301553,0
2241,-0.53337306,0
2242,-0.60911837,0
2243,-0.67752771,0
2244,-0.74223,0
2245,-0.79606925,0
2246,-0.84625389,0
2247,-0.88921944,0
2248,-0.90353096,0
2249,-0.93928765,0
2250,-0.98215308,0
2251,-0.98929269,0
2252,-0.7458215,0
2253,-0.43215912,0
2254,-0.16709839,0
2255,0.081345111,0
2256,0.25025119,0
2257,0.32758594,0
2258,0.48267974,0
2259,0.55673217,0
2260,0.63462592,0
2261,0.71266114,0
2262,0.74614808,0
2263,0.75359296,0
2264,0.78338638,0
2265,0.80201735,0
2266,0.8131999,0
2267,0.8355736,0
2268,0.8355736,0
2269,0.84303387,0
2270,0.85049588,0
2271,0.865423,0
2272,0.865423,0
2273,0.87288887,0
2274,0.88035561,0
2275,0.89155784,0
2276,0.91023578,0
2277,0.91770937,0
2278,0.91397192,0
2279,0.90649991,0
2280,0.90649991,0
2281,0.91770937,0
2282,0.91770937,0
2283,0.91397192,0
2284,0.94761476,0
2285,0.94013693,0
2286,0.95135508,0
2287,0.95509481,0
2288,0.96257607,0
2289,0.95509481,0
2290,0.95135508,0
2291,0.97754162,0
2292,0.98128352,0
2293,0.9700577,0
2294,0.98128352,0
2295,0.9887694,0
2296,0.97379999,0
2297,0.9700577,0
2298,0.99251222,0
2299,0.96631678,0
2300,0.97379999,0
2301,0.95883482,0
2302,0.95883482,0
2303,0.97754162,0
2304,0.95135508,0
2305,0.94761476,0
2306,0.94013693,0
2307,0.94387573,0
2308,0.96631678,0
2309,0.95135508,0
2310,0.97754162,0
2311,0.95135508,0
2312,0.96631678,0
2313,0.94761476,0
2314,0.95135508,0
2315,0.93639758,0
2316,0.93265953,0
2317,0.95509481,0
2318,0.93265953,0
2319,0.92518334,0
2320,0.92518334,0
2321,0.91770937,0
2322,0.90649991,0
2323,0.91023578,0
2324,0.89155784,0
2325,0.91770937,0
2326,0.90276344,0
2327,0.89902828,0
2328,0.90649991,0
2329,0.88408963,0
2330,0.86915577,0
2331,0.76103959,0
2332,0.48267974,0
2333,0.30179139,0
2334,0.11433848,0
2335,-0.050368192,0
2336,-0.18894868,0
2337,-0.29802663,0
2338,-0.39957277,0
2339,-0.47556725,0
2340,-0.5766734,0
2341,-0.64873774,0
2342,-0.68472223,0
2343,-0.77454217,0
2344,-0.82833815,0
2345,-0.86058107,0
2346,-0.89279778,0
2347,-0.93213879,0
2348,-0.95715371,0
2349,-0.98572305,0
2350,-0.88564077,0
2351,-0.5766734,0
2352,-0.29076384,0
2353,-0.03575413,0
2354,0.17673024,0
2355,0.26497042,0
2356,0.3976766,0
2357,0.49007867,0
2358,0.60864546,0
2359,0.68291686,0
2360,0.71266114,0
2361,0.74614808,0
2362,0.779661,0
2363,0.79456409,0
2364,0.8131999,0
2365,0.82811452,0
2366,0.85049588,0
2367,0.865423,0
2368,0.86915577,0
2369,0.86169093,0
2370,0.86915577,0
2371,0.89902828,0
2372,0.8878236,0
2373,0.90276344,0
2374,0.92518334,0
2375,0.90276344,0
2376,0.92144622,0
2377,0.91023578,0
2378,0.92892171,0
2379,0.91023578,0
2380,0.91770937,0
2381,0.92144622,0
2382,0.93639758,0
2383,0.92144622,0
2384,0.92892171,0
2385,0.92518334,0
2386,0.94387573,0
2387,0.9700577,0
2388,0.94761476,0
2389,0.96257607,0
2390,0.97379999,0
2391,0.97379999,0
2392,0.97754162,0
2393,0.98128352,0
2394,0.99251222,0
2395,0.97379999,0
2396,0.98502673,0
2397,0.98502673,0
2398,0.97379999,0
2399,0.96631678,0
2400,0.95509481,0
2401,0.9700577,0
2402,0.95883482,0
2403,0.98128352,0
2404,0.95883482,0
2405,0.96631678,0
2406,0.9700577,0
2407,0.96257607,0
2408,0.96631678,0
2409,0.95135508,0
2410,0.95509481,0
2411,0.94761476,0
2412,0.94013693,0
2413,0.93639758,0
2414,0.92518334,0
2415,0.93639758,0
2416,0.92518334,0
2417,0.90649991,0
2418,0.92892171,0
2419,0.92144622,0
2420,0.90276344,0
2421,0.89155784,0
2422,0.88408963,0
2423,0.88408963,0
2424,0.88408963,0
2425,0.88035561,0
2426,0.87662186,0
2427,0.88408963,0
2428,0.87288887,0
2429,0.865423,0
2430,0.63091332,0
2431,0.38660184,0
2432,0.2024478,0
2433,0.026414297,0
2434,-0.10147821,0
2435,-0.23261465,0
2436,-0.34883151,0
2437,-0.45025152,0
2438,-0.51892918,0
2439,-0.6127215,0
2440,-0.68472223,0
2441,-0.749413,0
2442,-0.80682841,0
2443,-0.83192193,0
2444,-0.89637591,0
2445,-0.91426132,0
2446,-0.95000833,0
2447,-0.98572305,0
2448,-0.99643122,0
2449,-0.72426751,0
2450,-0.41043777,0
2451,-0.12700926,0
2452,0.096005765,0
2453,0.18775016,0
2454,0.34601923,0
2455,0.47897986,0
2456,0.54191116,0
2457,0.64205162,0
2458,0.6977862,0
2459,0.73870438,0
2460,0.76848714,0
2461,0.79083774,0
2462,0.80947192,0
2463,0.85422697,0
2464,0.83184365,0
2465,0.84676479,0
2466,0.85049588,0
2467,0.86169093,0
2468,0.87288887,0
2469,0.88035561,0
2470,0.90649991,0
2471,0.92144622,0
2472,0.89902828,0
2473,0.90649991,0
2474,0.92892171,0
2475,0.90649991,0
2476,0.93265953,0
2477,0.91023578,0
2478,0.92892171,0
2479,0.92144622,0
2480,0.91397192,0
2481,0.92518334,0
2482,0.93265953,0
2483,0.92892171,0
2484,0.95509481,0
2485,0.97379999,0
2486,0.95509481,0
2487,0.98128352,0
2488,0.9887694,0
2489,0.9700577,0
2490,0.97379999,0
2491,0.9700577,0
2492,0.98128352,0
2493,0.96631678,0
2494,0.98128352,0
2495,0.96257607,0
2496,0.9700577,0
2497,0.95509481,0
2498,0.95883482,0
2499,0.98128352,0
2500,0.95883482,0
2501,0.96257607,0
2502,0.96631678,0
2503,0.97754162,0
2504,0.95883482,0
2505,0.94387573,0
2506,0.95135508,0
2507,0.96631678,0
2508,0.95135508,0
2509,0.96257607,0
2510,0.95135508,0
2511,0.95509481,0
2512,0.91770937,0
2513,0.91770937,0
2514,0.91023578,0
2515,0.92144622,0
2516,0.90649991,0
2517,0.92518334,0
2518,0.92144622,0
2519,0.89529333,0
2520,0.90276344,0
2521,0.89155784,0
2522,0.91770937,0
2523,0.8878236,0
2524,0.90649991,0
2525,0.89155784,0
2526,0.89529333,0
2527,0.87288887,0
2528,0.80574469,0
2529,0.47528076,0
2530,0.29442516,0
2531,0.096005765,0
2532,-0.03940792,0
2533,-0.19258901,0
2534,-0.28713176,0
2535,-0.41405916,0
2536,-0.50809304,0
2537,-0.59109636,0
2538,-0.65953636,0
2539,-0.72067411,0
2540,-0.78530715,0
2541,-0.83550538,0
2542,-0.87490281,0
2543,-0.9178376,0
2544,-0.94643499,0
2545,-0.96072607,0
2546,-1.0,0
2547,-0.87490281,0
2548,-0.54420245,0
2549,-0.25806486,0
2550,-0.017478734,0
2551,0.20979866,0
2552,0.28337733,0
2553,0.41983479,0
2554,0.50118037,0
2555,0.61606757,0
2556,0.67548371,0
2557,0.69035093,0
2558,0.75731617,0
2559,0.79083774,0
2560,0.82811452,0
2561,0.82065632,0
2562,0.82811452,0
2563,0.83930376,0
2564,0.865423,0
2565,0.88408963,0
2566,0.87662186,0
2567,0.86915577,0
2568,0.87662186,0
2569,0.88408963,0
2570,0.8878236,0
2571,0.89529333,0
2572,0.91770937,0
2573,0.89155784,0
2574,0.90276344,0
2575,0.90649991,0
2576,0.91397192,0
2577,0.92518334,0
2578,0.92892171,0
2579,0.94387573,0
2580,0.96257607,0
2581,0.94387573,0
2582,0.97379999,0
2583,0.95135508,0
2584,0.96257607,0
2585,0.98502673,0
2586,0.9700577,0
2587,0.96631678,0
2588,0.9887694,0
2589,0.97379999,0
2590,0.9700577,0
2591,0.98128352,0
2592,0.96631678,0
2593,0.9887694,0
2594,0.98502673,0
2595,0.97379999,0
2596,0.97754162,0
2597,0.9700577,0
2598,0.96631678,0
2599,0.9700577,0
2600,0.97754162,0
2601,0.96631678,0
2602,0.9887694,0
2603,0.96257607,0
2604,0.96631678,0
2605,0.95135508,0
2606,0.94387573,0
2607,0.96257607,0
2608,0.93639758,0
2609,0.94761476,0
2610,0.92892171,0
2611,0.91770937,0
2612,0.92892171,0
2613,0.91023578,0
2614,0.90649991,0
2615,0.90276344,0
2616,0.92144622,0
2617,0.92518334,0
2618,0.90649991,0
2619,0.92518334,0
2620,0.89155784,0
2621,0.88408963,0
2622,0.88035561,0
2623,0.87662186,0
2624,0.87288887,0
2625,0.88408963,0
2626,0.86169093,0
2627,0.61235616,0
2628,0.35708342,0
2629,0.16938516,0
2630,0.0081196529,0
2631,-0.14159187,0
2632,-0.25442993,0
2633,-0.37783408,0
2634,-0.46833593,0
2635,-0.55863693,0
2636,-0.63433511,0
2637,-0.69551124,0
2638,-0.76018471,0
2639,-0.81041415,0
2640,-0.83192193,0
2641,-0.89637591,0
2642,-0.92498874,0
2643,-0.94643499,0
2644,-0.964298,0
2645,-0.98929269,0
2646,-0.67752771,0
2647,-0.37783408,0
2648,-0.12336314,0
2649,0.11433848,0
2650,0.26865081,0
2651,0.33495795,0
2652,0.46788395,0
2653,0.53079886,0
2654,0.6383388,0
2655,0.68663349,0
2656,0.74242585,0
2657,0.76103959,0
2658,0.79083774,0
2659,0.80947192,0
2660,0.82065632,0
2661,0.8355736,0
2662,0.85049588,0
2663,0.85422697,0
2664,0.85795881,0
2665,0.865423,0
2666,0.8878236,0
2667,0.88408963,0
2668,0.88408963,0
2669,0.89529333,0
2670,0.89902828,0
2671,0.89155784,0
2672,0.91770937,0
2673,0.89902828,0
2674,0.90649991,0
2675,0.90276344,0
2676,0.91023578,0
2677,0.92518334,0
2678,0.92144622,0
2679,0.94761476,0
2680,0.94387573,0
2681,0.94761476,0
2682,0.94761476,0
2683,0.95509481,0
2684,0.95883482,0
2685,0.95883482,0
2686,0.96257607,0
2687,0.97754162,0
2688,0.96631678,0
2689,0.96631678,0
2690,0.98502673,0
2691,0.9700577,0
2692,0.96257607,0
2693,0.96631678,0
2694,0.97754162,0
2695,0.96257607,0
2696,0.96631678,0
2697,0.96257607,0
2698,0.96631678,0
2699,0.96257607,0
2700,0.95883482,0
2701,0.98128352,0
2702,0.95135508,0
2703,0.94761476,0
2704,0.9700577,0
2705,0.94387573,0
2706,0.93639758,0
2707,0.93265953,0
2708,0.93639758,0
2709,0.92892171,0
2710,0.92144622,0
2711,0.94013693,0
2712,0.91397192,0
2713,0.92144622,0
2714,0.91397192,0
2715,0.91023578,0
2716,0.90649991,0
2717,0.90276344,0
2718,0.89902828,0
2719,0.89529333,0
2720,0.91023578,0
2721,0.90649991,0
2722,0.88035561,0
2723,0.87288887,0
2724,0.865423,0
2725,0.73498286,0
2726,0.44939773,0
2727,0.26865081,0
2728,0.088674785,0
2729,-0.068629156,0
2730,-0.21442585,0
2731,-0.30891859,0
2732,-0.42853958,0
2733,-0.51892918,0
2734,-0.59830626,0
2735,-0.67033211,0
2736,-0.7314535,0
2737,-0.78530715,0
2738,-0.83192193,0
2739,-0.87132284,0
2740,-0.91068493,0
2741,-0.92498874,0
2742,-0.95715371,0
2743,-0.98572305,0
2744,-0.82833815,0
2745,-0.52976243,0
2746,-0.23261465,0
2747,0.019095314,0
2748,0.13267942,0
2749,0.26865081,0
2750,0.40506213,0
2751,0.50118037,0
2752,0.61977795,0
2753,0.66805225,0
2754,0.72382053,0
2755,0.76848714,0
2756,0.77221155,0
2757,0.80574469,0
2758,0.80201735,0
2759,0.81692817,0
2760,0.82811452,0
2761,0.83184365,0
2762,0.84676479,0
2763,0.87288887,0
2764,0.85795881,0
2765,0.865423,0
2766,0.88408963,0
2767,0.89155784,0
2768,0.88035561,0
2769,0.8878236,0
2770,0.91397192,0
2771,0.89902828,0
2772,0.90276344,0
2773,0.91023578,0
2774,0.91770937,0
2775,0.92144622,0
2776,0.92892171,0
2777,0.92892171,0
2778,0.94013693,0
2779,0.94013693,0
2780,0.94387573,0
2781,0.97379999,0
2782,0.95135508,0
2783,0.96257607,0
2784,0.9887694,0
2785,0.9700577,0
2786,0.97379999,0
2787,0.96631678,0
2788,0.99251222,0
2789,0.96631678,0
2790,0.96631678,0
2791,0.96257607,0
2792,0.95883482,0
2793,0.96257607,0
2794,0.95135508,0
2795,0.94761476,0
2796,0.94761476,0
2797,0.94387573,0
2798,0.97379999,0
2799,0.94761476,0
2800,0.96257607,0
2801,0.94013693,0
2802,0.94387573,0
2803,0.95883482,0
2804,0.93265953,0
2805,0.92144622,0
2806,0.92144622,0
2807,0.91397192,0
2808,0.91770937,0
2809,0.91023578,0
2810,0.93265953,0
2811,0.91023578,0
2812,0.92518334,0
2813,0.93265953,0
2814,0.90649991,0
2815,0.89529333,0
2816,0.89155784,0
2817,0.90649991,0
2818,0.88408963,0
2819,0.88408963,0
2820,0.88408963,0
2821,0.87662186,0
2822,0.86915577,0
2823,0.85049588,0
2824,0.54191116,0
2825,0.33127134,0
2826,0.1436878,0
2827,0.0081196529,0
2828,-0.14523653,0
2829,-0.28349999,0
2830,-0.39232814,0
2831,-0.48279732,0
2832,-0.56945964,0
2833,-0.64153735,0
2834,-0.70629736,0
2835,-0.7673639,0
2836,-0.81758464,0
2837,-0.85341808,0
2838,-0.88921944,0
2839,-0.92498874,0
2840,-0.93213879,0
2841,-0.88317076,0
2842,-0.87994827,0
2843,-0.60497473,0
2844,-0.33118175,0
2845,-0.065232759,0
2846,0.11312119,0
2847,0.18934329,0
2848,0.31893888,0
2849,0.42560353,0
2850,0.49576283,0
2851,0.58280305,0
2852,0.62975205,0
2853,0.66332204,0
2854,0.69355965,0
2855,0.71036826,0
2856,0.72718458,0
2857,0.76420523,0
2858,0.7507389,0
2859,0.77767607,0
2860,0.76420523,0
2861,0.77767607,0
2862,0.77767607,0
2863,0.79115123,0
2864,0.8012608,0
2865,0.79452094,0
2866,0.79115123,0
2867,0.814744,0
2868,0.8012608,0
2869,0.80800223,0
2870,0.81137302,0
2871,0.81137302,0
2872,0.81811617,0
2873,0.84509882,0
2874,0.8282327,0
2875,0.8107541,0
2876,0.8107541,0
2877,0.82448713,0
2878,0.82105366,0
2879,0.81762044,0
2880,0.82105366,0
2881,0.83479018,0
2882,0.82792174,0
2883,0.83135586,0
2884,0.84509592,0
2885,0.83822574,0
2886,0.83135586,0
2887,0.84853234,0
2888,0.82105366,0
2889,0.82448713,0
2890,0.82792174,0
2891,0.8107541,0
2892,0.80732173,0
2893,0.82105366,0
2894,0.81418667,0
2895,0.80732173,0
2896,0.8107541,0
2897,0.8107541,0
2898,0.8107541,0
2899,0.80732173,0
2900,0.80732173,0
2901,0.80388886,0
2902,0.80045718,0
2903,0.8107541,0
2904,0.79016291,0
2905,0.8107541,0
2906,0.78673234,0
2907,0.78330122,0
2908,0.77987129,0
2909,0.77987129,0
2910,0.77301139,0
2911,0.79016291,0
2912,0.77644161,0
2913,0.76615353,0
2914,0.77987129,0
2915,0.76272421,0
2916,0.7558681,0
2917,0.75244012,0
2918,0.75929603,0
2919,0.76958236,0
2920,0.74558535,0
2921,0.58142128,0
2922,0.33983883,0
2923,0.15371856,0
2924,-0.0012626248,0
2925,-0.14222241,0
2926,-0.26263204,0
2927,-0.36934239,0
2928,-0.45914479,0
2929,-0.54541861,0
2930,-0.61495579,0
2931,-0.67445575,0
2932,-0.73056226,0
2933,-0.77670405,0
2934,-0.79975326,0
2935,-0.86224266,0
2936,-0.8753847,0
2937,-0.90493726,0
2938,-0.95086053,0
2939,-0.93774554,0
2940,-0.80633606,0
2941,-0.50230658,0
2942,-0.24593163,0
2943,-0.041589574,0
2944,0.14696704,0
2945,0.21453283,0
2946,0.34323123,0
2947,0.41453674,0
2948,0.51321953,0
2949,0.56435963,0
2950,0.60531938,0
2951,0.64974045,0
2952,0.65999849,0
2953,0.68736609,0
2954,0.69421122,0
2955,0.71132846,0
2956,0.71817729,0
2957,0.72845299,0
2958,0.73873139,0
2959,0.7558681,0
2960,0.76615353,0
2961,0.77301139,0
2962,0.76272421,0
2963,0.77301139,0
2964,0.79702571,0
2965,0.79359374,0
2966,0.78673234,0
2967,0.78330122,0
2968,0.79016291,0
2969,0.79016291,0
2970,0.78330122,0
2971,0.79016291,0
2972,0.79016291,0
2973,0.8107541,0
2974,0.79359374,0
2975,0.79702571,0
2976,0.80388886,0
2977,0.82448713,0
2978,0.82792174,0
2979,0.82448713,0
2980,0.82792174,0
2981,0.84853234,0
2982,0.83135586,0
2983,0.82792174,0
2984,0.82448713,0
2985,0.81762044,0
2986,0.81762044,0
2987,0.82448713,0
2988,0.8107541,0
2989,0.81762044,0
2990,0.83135586,0
2991,0.82105366,0
2992,0.83822574,0
2993,0.81418667,0
2994,0.83822574,0
2995,0.84166071,0
2996,0.82105366,0
2997,0.82105366,0
2998,0.81762044,0
2999,0.81418667,0
3000,0.82792174,0
3001,0.80388886,0
3002,0.80045718,0
3003,0.8107541,0
3004,0.8107541,0
3005,0.79359374,0
3006,0.79702571,0
3007,0.78330122,0
3008,0.78673234,0
3009,0.78673234,0
3010,0.77987129,0
3011,0.79016291,0
3012,0.77644161,0
3013,0.76958236,0
3014,0.78673234,0
3015,0.75929603,0
3016,0.77301139,0
3017,0.76272421,0
3018,0.75929603,0
3019,0.72160242,0
3020,0.42813401,0
3021,0.25512867,0
3022,0.086258755,0
3023,-0.078519296,0
3024,-0.21250772,0
3025,-0.32602805,0
3026,-0.41925913,0
3027,-0.50562477,0
3028,-0.53878901,0
3029,-0.6447177,0
3030,-0.70086927,0
3031,-0.7569361,0
3032,-0.79975326,0
3033,-0.84252062,0
3034,-0.85566984,0
3035,-0.9016549,0
3036,-0.93446597,0
3037,-0.94758226,0
3038,-0.87866956,0
3039,-0.63149282,0
3040,-0.34602565,0
3041,-0.12546899,0
3042,0.072781051,0
3043,0.22467782,0
3044,0.28899024,0
3045,0.397548,0
3046,0.45534102,0
3047,0.53707681,0
3048,0.58142128,0
3049,0.6189822,0
3050,0.6463215,0
3051,0.67025917,0
3052,0.7147529,0
3053,0.70105715,0
3054,0.70790422,0
3055,0.73873139,0
3056,0.72502771,0
3057,0.73873139,0
3058,0.76272421,0
3059,0.74558535,0
3060,0.75244012,0
3061,0.7558681,0
3062,0.78330122,0
3063,0.76272421,0
3064,0.79359374,0
3065,0.77987129,0
3066,0.78330122,0
3067,0.80045718,0
3068,0.80732173,0
3069,0.81762044,0
3070,0.79702571,0
3071,0.82105366,0
3072,0.82448713,0
3073,0.81762044,0
3074,0.8107541,0
3075,0.82105366,0
3076,0.84166071,0
3077,0.84509592,0
3078,0.82792174,0
3079,0.83135586,0
3080,0.82792174,0
3081,0.83479018,0
3082,0.82792174,0
3083,0.82105366,0
3084,0.82105366,0
3085,0.82448713,0
3086,0.81762044,0
3087,0.81762044,0
3088,0.83135586,0
3089,0.81418667,0
3090,0.8107541,0
3091,0.8107541,0
3092,0.82792174,0
3093,0.81418667,0
3094,0.82792174,0
3095,0.8107541,0
3096,0.83822574,0
3097,0.83135586,0
3098,0.81418667,0
3099,0.82792174,0
3100,0.80732173,0
3101,0.82448713,0
3102,0.80045718,0
3103,0.80045718,0
3104,0.79702571,0
3105,0.81762044,0
3106,0.78330122,0
3107,0.78673234,0
3108,0.78330122,0
3109,0.77987129,0
3110,0.78330122,0
3111,0.77644161,0
3112,0.76615353,0
3113,0.76272421,0
3114,0.77301139,0
3115,0.75244012,0
3116,0.74558535,0
3117,0.75929603,0
3118,0.58142128,0
3119,0.32627342,0
3120,0.16722432,0
3121,-0.0012626248,0
3122,-0.13217105,0
3123,-0.25929271,0
3124,-0.36934239,0
3125,-0.45914479,0
3126,-0.53878901,0
3127,-0.61164713,0
3128,-0.67445575,0
3129,-0.72726427,0
3130,-0.75034437,0
3131,-0.79646142,0
3132,-0.83265556,0
3133,-0.87209964,0
3134,-0.91478286,0
3135,-0.92790623,0
3136,-0.94102472,0
3137,-0.76023144,0
3138,-0.46578857,0
3139,-0.22253789,0
3140,-0.014709726,0
3141,0.16722432,0
3142,0.23482545,0
3143,0.33644755,0
3144,0.42133437,0
3145,0.51321953,0
3146,0.55753725,0
3147,0.59507546,0
3148,0.6223987,0
3149,0.6531596,0
3150,0.67710096,0
3151,0.68394435,0
3152,0.71132846,0
3153,0.70790422,0
3154,0.71132846,0
3155,0.73873139,0
3156,0.74558535,0
3157,0.73187897,0
3158,0.74215822,0
3159,0.76615353,0
3160,0.77301139,0
3161,0.76272421,0
3162,0.78330122,0
3163,0.79359374,0
3164,0.78330122,0
3165,0.79702571,0
3166,0.80045718,0
3167,0.81762044,0
3168,0.82105366,0
3169,0.82792174,0
3170,0.81418667,0
3171,0.8107541,0
3172,0.83135586,0
3173,0.81418667,0
3174,0.82105366,0
3175,0.81762044,0
3176,0.84853234,0
3177,0.82448713,0
3178,0.82792174,0
3179,0.83135586,0
3180,0.82448713,0
3181,0.82105366,0
3182,0.82105366,0
3183,0.82105366,0
3184,0.81762044,0
3185,0.82105366,0
3186,0.83135586,0
3187,0.83822574,0
3188,0.83135586,0
3189,0.8107541,0
3190,0.8107541,0
3191,0.80732173,0
3192,0.8107541,0
3193,0.8107541,0
3194,0.8107541,0
3195,0.80732173,0
3196,0.8107541,0
3197,0.80732173,0
3198,0.8107541,0
3199,0.80045718,0
3200,0.79702571,0
3201,0.79702571,0
3202,0.8107541,0
3203,0.79702571,0
3204,0.80045718,0
3205,0.79016291,0
3206,0.78673234,0
3207,0.78330122,0
3208,0.77987129,0
3209,0.76958236,0
3210,0.78330122,0
3211,0.76615353,0
3212,0.7558681,0
3213,0.77301139,0
3214,0.75244012,0
3215,0.74215822,0
3216,0.71817729,0
3217,0.45193892,0
3218,0.21791393,0
3219,0.062675812,0
3220,-0.078519296,0
3221,-0.21585174,0
3222,-0.32269377,0
3223,-0.4159338,0
3224,-0.49898808,0
3225,-0.57854752,0
3226,-0.64802287,0
3227,-0.70416995,0
3228,-0.75364066,0
3229,-0.79975326,0
3230,-0.83923257,0
3231,-0.8753847,0
3232,-0.9016549,0
3233,-0.9311862,0
3234,-0.94102472,0
3235,-0.86552852,0
3236,-0.59841088,0
3237,-0.3293613,0
3238,-0.1053548,0
3239,0.099741177,0
3240,0.19087097,0
3241,0.3059331,0
3242,0.40774069,0
3243,0.46554874,0
3244,0.57800832,0
3245,0.59507546,0
3246,0.6223987,0
3247,0.6463215,0
3248,0.6805225,0
3249,0.67710096,0
3250,0.68736609,0
3251,0.69421122,0
3252,0.71132846,0
3253,0.71132846,0
3254,0.72160242,0
3255,0.72845299,0
3256,0.73530521,0
3257,0.74558535,0
3258,0.74901239,0
3259,0.77644161,0
3260,0.76272421,0
3261,0.76615353,0
3262,0.77644161,0
3263,0.78330122,0
3264,0.78673234,0
3265,0.79016291,0
3266,0.8107541,0
3267,0.79702571,0
3268,0.80045718,0
3269,0.80388886,0
3270,0.82792174,0
3271,0.82105366,0
3272,0.82792174,0
3273,0.81762044,0
3274,0.83479018,0
3275,0.82105366,0
3276,0.83822574,0
3277,0.83479018,0
3278,0.84166071,0
3279,0.84509592,0
3280,0.83135586,0
3281,0.82448713,0
3282,0.81762044,0
3283,0.82105366,0
3284,0.8107541,0
3285,0.81418667,0
3286,0.81418667,0
3287,0.83822574,0
3288,0.81762044,0
3289,0.82448713,0
3290,0.81418667,0
3291,0.83479018,0
3292,0.8107541,0
3293,0.81418667,0
3294,0.81418667,0
3295,0.83135586,0
3296,0.8107541,0
3297,0.80388886,0
3298,0.79702571,0
3299,0.81762044,0
3300,0.79702571,0
3301,0.79359374,0
3302,0.79359374,0
3303,0.79359374,0
3304,0.80388886,0
3305,0.79359374,0
3306,0.80045718,0
3307,0.77644161,0
3308,0.77987129,0
3309,0.7558681,0
3310,0.74901239,0
3311,0.74901239,0
3312,0.73530521,0
3313,0.73187897,0
3314,0.53707681,0
3315,0.29237822,0
3316,0.13346813,0
3317,-0.028152092,0
3318,-0.16231719,0
3319,-0.26263204,0
3320,-0.38266008,0
3321,-0.46578857,0
3322,-0.55204667,0
3323,-0.61495579,0
3324,-0.67445575,0
3325,-0.73386034,0
3326,-0.77999759,0
3327,-0.80304471,0
3328,-0.86224266,0
3329,-0.89508907,0
3330,-0.90493726,0
3331,-0.9213451,0
3332,-0.93774554,0
3333,-0.75034437,0
3334,-0.46246683,0
3335,-0.21585174,0
3336,-0.0046248023,0
3337,0.10311267,0
3338,0.25174353,0
3339,0.35680377,0
3340,0.43153322,0
3341,0.53025913,0
3342,0.57459556,0
3343,0.6189822,0
3344,0.6326497,0
3345,0.6531596,0
3346,0.66341853,0
3347,0.69078853,0
3348,0.69078853,0
3349,0.70105715,0
3350,0.70790422,0
3351,0.72502771,0
3352,0.74215822,0
3353,0.73530521,0
3354,0.74558535,0
3355,0.74901239,0
3356,0.76615353,0
3357,0.75929603,0
3358,0.76615353,0
3359,0.77644161,0
3360,0.79359374,0
3361,0.77301139,0
3362,0.77987129,0
3363,0.77987129,0
3364,0.78673234,0
3365,0.78673234,0
3366,0.79359374,0
3367,0.81762044,0
3368,0.80045718,0
3369,0.80045718,0
3370,0.82792174,0
3371,0.82448713,0
3372,0.83479018,0
3373,0.82792174,0
3374,0.82105366,0
3375,0.83135586,0
3376,0.83135586,0
3377,0.83479018,0
3378,0.82792174,0
3379,0.81762044,0
3380,0.82105366,0
3381,0.82105366,0
3382,0.82792174,0
3383,0.83479018,0
3384,0.82448713,0
3385,0.82105366,0
3386,0.82448713,0
3387,0.82105366,0
3388,0.81762044,0
3389,0.81418667,0
3390,0.81418667,0
3391,0.81418667,0
3392,0.8107541,0
3393,0.82448713,0
3394,0.8107541,0
3395,0.80732173,0
3396,0.80388886,0
3397,0.80045718,0
3398,0.81762044,0
3399,0.79702571,0
3400,0.79359374,0
3401,0.80732173,0
3402,0.78330122,0
3403,0.77987129,0
3404,0.77644161,0
3405,0.78673234,0
3406,0.75929603,0
3407,0.76958236,0
3408,0.76272421,0
3409,0.74901239,0
3410,0.73873139,0
3411,0.73873139,0
3412,0.69421122,0
3413,0.38735797,0
3414,0.1942508,0
3415,0.042473284,0
3416,-0.10870783,0
3417,-0.22588101,0
3418,-0.33602818,0
3419,-0.42923453,0
3420,-0.49566969,0
3421,-0.58517003,0
3422,-0.65132794,0
3423,-0.70746983,0
3424,-0.76352668,0
3425,-0.80633606,0
3426,-0.84909583,0
3427,-0.87866956,0
3428,-0.89508907,0
3429,-0.9213451,0
3430,-0.93774554,0
3431,-0.86552852,0
3432,-0.58185892,0
3433,-0.3126901,0
3434,-0.095293724,0
3435,0.096370176,0
3436,0.2585129,0
3437,0.30254354,0
3438,0.39075367,0
3439,0.46214573,0
3440,0.55071603,0
3441,0.59166166,0
3442,0.6292323,0
3443,0.64974045,0
3444,0.67025917,0
3445,0.69763381,0
3446,0.71132846,0
3447,0.72502771,0
3448,0.71132846,0
3449,0.73873139,0
3450,0.72845299,0
3451,0.75929603,0
3452,0.74215822,0
3453,0.75244012,0
3454,0.75244012,0
3455,0.77644161,0
3456,0.75929603,0
3457,0.76615353,0
3458,0.79359374,0
3459,0.77644161,0
3460,0.77987129,0
3461,0.80045718,0
3462,0.78330122,0
3463,0.77987129,0
3464,0.77987129,0
3465,0.78673234,0
3466,0.80732173,0
3467,0.80732173,0
3468,0.82448713,0
3469,0.82105366,0
3470,0.81418667,0
3471,0.82105366,0
3472,0.82105366,0
3473,0.84509592,0
3474,0.82448713,0
3475,0.82448713,0
3476,0.83479018,0
3477,0.82792174,0
3478,0.83135586,0
3479,0.85540432,0
3480,0.83479018,0
3481,0.83135586,0
3482,0.84853234,0
3483,0.85196825,0
3484,0.83822574,0
3485,0.84509592,0
3486,0.81418667,0
3487,0.81762044,0
3488,0.8107541,0
3489,0.81418667,0
3490,0.83135586,0
3491,0.80732173,0
3492,0.82448713,0
3493,0.82105366,0
3494,0.79359374,0
3495,0.80388886,0
3496,0.78673234,0
3497,0.77987129,0
3498,0.79016291,0
3499,0.79016291,0
